{"cameraMode":{"drawMode":0,"name":"Shaded","section":"Shading Mode"},"sceneLighting":false,"audioPlay":false,"sceneViewState":{"showFog":true,"showMaterialUpdate":false,"showSkybox":false,"showFlares":true,"showImageEffects":true,"showParticleSystems":true},"in2DMode":false,"pivot":{"x":2.185617208480835,"y":0.06514763832092285,"z":2.6367690563201906},"rotation":{"x":0.2076931893825531,"y":0.3339570164680481,"z":-0.07569614052772522,"w":0.9163010716438294},"size":5.934807777404785,"orthographic":false}