{"cameraMode":{"drawMode":0,"name":"Shaded","section":"Shading Mode"},"sceneLighting":false,"audioPlay":false,"sceneViewState":{"showFog":true,"showMaterialUpdate":false,"showSkybox":false,"showFlares":true,"showImageEffects":true,"showParticleSystems":true},"in2DMode":false,"pivot":{"x":0.027916952967643739,"y":-0.0186786949634552,"z":-0.020768262445926667},"rotation":{"x":-0.18661779165267945,"y":-0.8089932203292847,"z":0.34483906626701357,"w":-0.43800583481788638},"size":0.09761372208595276,"orthographic":false}