{"cameraMode":{"drawMode":0,"name":"Shaded","section":"Shading Mode"},"sceneLighting":false,"audioPlay":false,"sceneViewState":{"showFog":true,"showMaterialUpdate":false,"showSkybox":false,"showFlares":true,"showImageEffects":true,"showParticleSystems":true},"in2DMode":false,"pivot":{"x":0.671142578125,"y":-0.34521484375,"z":1.1220703125},"rotation":{"x":0.16756589710712434,"y":0.07828638702630997,"z":-0.013349459506571293,"w":0.9826585054397583},"size":3.3254923820495607,"orthographic":true}