{"cameraMode":{"drawMode":0,"name":"Shaded","section":"Shading Mode"},"sceneLighting":false,"audioPlay":false,"sceneViewState":{"showFog":true,"showMaterialUpdate":false,"showSkybox":false,"showFlares":true,"showImageEffects":true,"showParticleSystems":true},"in2DMode":false,"pivot":{"x":-308.58056640625,"y":6.740710735321045,"z":-180.2490997314453},"rotation":{"x":-0.32265809178352358,"y":0.06721387058496475,"z":-0.02297675982117653,"w":-0.9438501596450806},"size":1.1421772241592408,"orthographic":false}