{"cameraMode":{"drawMode":0,"name":"Shaded","section":"Shading Mode"},"sceneLighting":false,"audioPlay":false,"sceneViewState":{"showFog":true,"showMaterialUpdate":false,"showSkybox":false,"showFlares":true,"showImageEffects":true,"showParticleSystems":true},"in2DMode":false,"pivot":{"x":1.9985504150390626,"y":-0.00732421875,"z":-0.43231201171875},"rotation":{"x":0.6787545084953308,"y":0.0461576022207737,"z":-0.04281669482588768,"w":0.7316697835922241},"size":3.810500144958496,"orthographic":true}