{"cameraMode":{"drawMode":0,"name":"Shaded","section":"Shading Mode"},"sceneLighting":true,"audioPlay":false,"sceneViewState":{"showFog":true,"showMaterialUpdate":false,"showSkybox":true,"showFlares":true,"showImageEffects":true,"showParticleSystems":true},"in2DMode":false,"pivot":{"x":470.23828125,"y":-4.462009906768799,"z":209.40281677246095},"rotation":{"x":-0.1712638884782791,"y":-0.3153546154499054,"z":0.05797463655471802,"w":-0.9315926432609558},"size":11.07353687286377,"orthographic":false}