{"cameraMode":{"drawMode":0,"name":"Shaded","section":"Shading Mode"},"sceneLighting":false,"audioPlay":false,"sceneViewState":{"showFog":true,"showMaterialUpdate":false,"showSkybox":false,"showFlares":true,"showImageEffects":true,"showParticleSystems":true},"in2DMode":false,"pivot":{"x":0.9041886329650879,"y":-0.04600715637207031,"z":0.2323322296142578},"rotation":{"x":0.14262384176254273,"y":0.062312208116054538,"z":-0.008997197262942791,"w":0.9877735376358032},"size":2.6654651165008547,"orthographic":true}