{"cameraMode":{"drawMode":0,"name":"Shaded","section":"Shading Mode"},"sceneLighting":false,"audioPlay":false,"sceneViewState":{"showFog":true,"showMaterialUpdate":false,"showSkybox":false,"showFlares":true,"showImageEffects":true,"showParticleSystems":true},"in2DMode":false,"pivot":{"x":-1.500002384185791,"y":0.06385757029056549,"z":3.4999988079071047},"rotation":{"x":-0.296162873506546,"y":-0.40156006813049319,"z":0.13903097808361054,"w":-0.8554008603096008},"size":3.8084218502044679,"orthographic":false}