{"cameraMode":{"drawMode":0,"name":"Shaded","section":"Shading Mode"},"sceneLighting":false,"audioPlay":false,"sceneViewState":{"showFog":true,"showMaterialUpdate":false,"showSkybox":false,"showFlares":true,"showImageEffects":true,"showParticleSystems":true},"in2DMode":false,"pivot":{"x":-4.76837158203125e-7,"y":6.894357681274414,"z":4.76837158203125e-7},"rotation":{"x":-0.3127824664115906,"y":0.09580788761377335,"z":-0.03172975033521652,"w":-0.9444527626037598},"size":9.25476360321045,"orthographic":false}