{"cameraMode":{"drawMode":0,"name":"Shaded","section":"Shading Mode"},"sceneLighting":true,"audioPlay":false,"sceneViewState":{"showFog":true,"showMaterialUpdate":false,"showSkybox":true,"showFlares":true,"showImageEffects":true,"showParticleSystems":true},"in2DMode":false,"pivot":{"x":581.0902099609375,"y":12.801427841186524,"z":655.419921875},"rotation":{"x":0.47931015491485598,"y":0.28172022104263308,"z":-0.16578452289104463,"w":0.8145027756690979},"size":12.765220642089844,"orthographic":false}