{"cameraMode":{"drawMode":0,"name":"Shaded","section":"Shading Mode"},"sceneLighting":true,"audioPlay":false,"sceneViewState":{"showFog":true,"showMaterialUpdate":false,"showSkybox":true,"showFlares":true,"showImageEffects":true,"showParticleSystems":true},"in2DMode":false,"pivot":{"x":289.9126892089844,"y":279.102783203125,"z":-461.937255859375},"rotation":{"x":0.24147969484329225,"y":-0.008734453469514847,"z":0.002173044253140688,"w":0.9703754782676697},"size":1388.396484375,"orthographic":false}