{"cameraMode":{"drawMode":0,"name":"Shaded","section":"Shading Mode"},"sceneLighting":false,"audioPlay":false,"sceneViewState":{"showFog":true,"showMaterialUpdate":false,"showSkybox":false,"showFlares":true,"showImageEffects":true,"showParticleSystems":true},"in2DMode":false,"pivot":{"x":-0.006552111357450485,"y":-0.08126720786094666,"z":-0.02329361066222191},"rotation":{"x":0.12352772802114487,"y":-0.7912145256996155,"z":0.5743324160575867,"w":0.17010271549224854},"size":0.11796683073043823,"orthographic":false}