{"cameraMode":{"drawMode":0,"name":"Shaded","section":"Shading Mode"},"sceneLighting":true,"audioPlay":false,"sceneViewState":{"showFog":true,"showMaterialUpdate":false,"showSkybox":false,"showFlares":true,"showImageEffects":true,"showParticleSystems":true},"in2DMode":false,"pivot":{"x":1458.157470703125,"y":340.86669921875,"z":-186.724365234375},"rotation":{"x":-0.2626896798610687,"y":0.003471042960882187,"z":-0.0009454989340156317,"w":-0.9648768305778503},"size":1155.45703125,"orthographic":false}