{"cameraMode":{"drawMode":0,"name":"Shaded","section":"Shading Mode"},"sceneLighting":true,"audioPlay":false,"sceneViewState":{"showFog":true,"showMaterialUpdate":false,"showSkybox":true,"showFlares":true,"showImageEffects":true,"showParticleSystems":true},"in2DMode":false,"pivot":{"x":482.3910827636719,"y":-7.797934055328369,"z":217.9504852294922},"rotation":{"x":-0.25749167799949648,"y":-0.34347960352897646,"z":0.09851357340812683,"w":-0.8977879881858826},"size":26.79074478149414,"orthographic":false}