{"cameraMode":{"drawMode":0,"name":"Shaded","section":"Shading Mode"},"sceneLighting":false,"audioPlay":false,"sceneViewState":{"showFog":true,"showMaterialUpdate":false,"showSkybox":false,"showFlares":true,"showImageEffects":true,"showParticleSystems":true},"in2DMode":false,"pivot":{"x":-0.60400390625,"y":1.36474609375,"z":-0.56494140625},"rotation":{"x":-0.25348615646362307,"y":0.039450615644454959,"z":-0.010347116738557816,"w":-0.9664813280105591},"size":2.8081252574920656,"orthographic":true}