{"cameraMode":{"drawMode":0,"name":"Shaded","section":"Shading Mode"},"sceneLighting":false,"audioPlay":false,"sceneViewState":{"showFog":true,"showMaterialUpdate":false,"showSkybox":false,"showFlares":true,"showImageEffects":true,"showParticleSystems":true},"in2DMode":false,"pivot":{"x":1.080491065979004,"y":-1.2304062843322755,"z":1.705857276916504},"rotation":{"x":-0.1712638884782791,"y":-0.3153546154499054,"z":0.05797463655471802,"w":-0.9315926432609558},"size":9.036775588989258,"orthographic":false}