{"cameraMode":{"drawMode":0,"name":"Shaded","section":"Shading Mode"},"sceneLighting":true,"audioPlay":false,"sceneViewState":{"showFog":true,"showMaterialUpdate":false,"showSkybox":true,"showFlares":true,"showImageEffects":true,"showParticleSystems":true},"in2DMode":false,"pivot":{"x":-151.21658325195313,"y":44.811275482177737,"z":286.97027587890627},"rotation":{"x":0.21811553835868836,"y":-0.07283979654312134,"z":0.016313211992383004,"w":0.9730990529060364},"size":15.67943286895752,"orthographic":false}