{"cameraMode":{"drawMode":0,"name":"Shaded","section":"Shading Mode"},"sceneLighting":false,"audioPlay":false,"sceneViewState":{"showFog":true,"showMaterialUpdate":false,"showSkybox":false,"showFlares":true,"showImageEffects":true,"showParticleSystems":true},"in2DMode":false,"pivot":{"x":-3.3433265686035158,"y":2.7908425331115724,"z":1.088097333908081},"rotation":{"x":0.2786594331264496,"y":-0.3002602756023407,"z":0.0921887680888176,"w":0.9075816869735718},"size":5.165478706359863,"orthographic":false}