{"cameraMode":{"drawMode":0,"name":"Shaded","section":"Shading Mode"},"sceneLighting":true,"audioPlay":false,"sceneViewState":{"showFog":true,"showMaterialUpdate":false,"showSkybox":true,"showFlares":true,"showImageEffects":true,"showParticleSystems":true},"in2DMode":false,"pivot":{"x":-314.0998840332031,"y":1.4408454895019532,"z":-171.86354064941407},"rotation":{"x":0.2938661277294159,"y":-0.6402584314346314,"z":0.2905404269695282,"w":0.6475816369056702},"size":27.221609115600587,"orthographic":false}