{"cameraMode":{"drawMode":0,"name":"Shaded","section":"Shading Mode"},"sceneLighting":true,"audioPlay":false,"sceneViewState":{"showFog":true,"showMaterialUpdate":false,"showSkybox":true,"showFlares":true,"showImageEffects":true,"showParticleSystems":true},"in2DMode":false,"pivot":{"x":-133.1346435546875,"y":27.777568817138673,"z":281.5621337890625},"rotation":{"x":0.21811553835868836,"y":-0.07283979654312134,"z":0.016313211992383004,"w":0.9730990529060364},"size":18.97318458557129,"orthographic":false}