{"cameraMode":{"drawMode":0,"name":"Shaded","section":"Shading Mode"},"sceneLighting":true,"audioPlay":false,"sceneViewState":{"showFog":true,"showMaterialUpdate":true,"showSkybox":true,"showFlares":true,"showImageEffects":true,"showParticleSystems":true},"in2DMode":false,"pivot":{"x":-33.692626953125,"y":-49.641845703125,"z":-254.35406494140626},"rotation":{"x":0.32548898458480837,"y":-0.2805047929286957,"z":0.10175015032291413,"w":0.8972442150115967},"size":462.1997375488281,"orthographic":false}