{"cameraMode":{"drawMode":0,"name":"Shaded","section":"Shading Mode"},"sceneLighting":false,"audioPlay":false,"sceneViewState":{"showFog":true,"showMaterialUpdate":true,"showSkybox":false,"showFlares":true,"showImageEffects":true,"showParticleSystems":true},"in2DMode":false,"pivot":{"x":-457.08441162109377,"y":31.01693344116211,"z":-402.3205871582031},"rotation":{"x":0.23837046325206757,"y":-0.5646827816963196,"z":0.1746770739555359,"w":0.7705877423286438},"size":31.29170799255371,"orthographic":false}