{"cameraMode":{"drawMode":0,"name":"Shaded","section":"Shading Mode"},"sceneLighting":true,"audioPlay":false,"sceneViewState":{"showFog":true,"showMaterialUpdate":true,"showSkybox":true,"showFlares":true,"showImageEffects":true,"showParticleSystems":true},"in2DMode":false,"pivot":{"x":125.7080078125,"y":60.508636474609378,"z":-20.46771240234375},"rotation":{"x":0.2055170089006424,"y":-0.48811519145965578,"z":0.11944311857223511,"w":0.8398020267486572},"size":385.5836486816406,"orthographic":false}