{"cameraMode":{"drawMode":0,"name":"Shaded","section":"Shading Mode"},"sceneLighting":false,"audioPlay":false,"sceneViewState":{"showFog":true,"showMaterialUpdate":true,"showSkybox":false,"showFlares":true,"showImageEffects":true,"showParticleSystems":true},"in2DMode":false,"pivot":{"x":0.40480709075927737,"y":4.746800422668457,"z":-0.2487630844116211},"rotation":{"x":0.35739395022392275,"y":-0.2675156891345978,"z":0.10761884599924088,"w":0.8883413672447205},"size":7.141970634460449,"orthographic":false}