{"cameraMode":{"drawMode":0,"name":"Shaded","section":"Shading Mode"},"sceneLighting":false,"audioPlay":false,"sceneViewState":{"showFog":true,"showMaterialUpdate":true,"showSkybox":false,"showFlares":true,"showImageEffects":true,"showParticleSystems":true},"in2DMode":false,"pivot":{"x":-446.07763671875,"y":14.665680885314942,"z":-404.61407470703127},"rotation":{"x":0.23837046325206757,"y":-0.5646827816963196,"z":0.1746770739555359,"w":0.7705877423286438},"size":0.4535002112388611,"orthographic":false}