{"cameraMode":{"drawMode":0,"name":"Shaded","section":"Shading Mode"},"sceneLighting":true,"audioPlay":false,"sceneViewState":{"showFog":true,"showMaterialUpdate":true,"showSkybox":true,"showFlares":true,"showImageEffects":true,"showParticleSystems":true},"in2DMode":false,"pivot":{"x":-434.1639099121094,"y":40.10350036621094,"z":-428.73834228515627},"rotation":{"x":-0.03748663514852524,"y":0.9380665421485901,"z":-0.10740073025226593,"w":-0.3273019790649414},"size":16.070751190185548,"orthographic":false}