{"cameraMode":{"drawMode":0,"name":"Shaded","section":"Shading Mode"},"sceneLighting":true,"audioPlay":false,"sceneViewState":{"showFog":true,"showMaterialUpdate":true,"showSkybox":true,"showFlares":true,"showImageEffects":true,"showParticleSystems":true},"in2DMode":false,"pivot":{"x":283.1590881347656,"y":24.04120445251465,"z":-281.0771484375},"rotation":{"x":0.15936756134033204,"y":-0.29841676354408266,"z":0.05061084032058716,"w":0.939676821231842},"size":4.213743686676025,"orthographic":false}