{"cameraMode":{"drawMode":0,"name":"Shaded","section":"Shading Mode"},"sceneLighting":false,"audioPlay":false,"sceneViewState":{"showFog":true,"showMaterialUpdate":true,"showSkybox":false,"showFlares":true,"showImageEffects":true,"showParticleSystems":true},"in2DMode":false,"pivot":{"x":-0.1488332748413086,"y":5.480796813964844,"z":0.17030155658721925},"rotation":{"x":0.32548898458480837,"y":-0.2805047929286957,"z":0.10175015032291413,"w":0.8972442150115967},"size":7.141970634460449,"orthographic":false}