{"cameraMode":{"drawMode":0,"name":"Shaded","section":"Shading Mode"},"sceneLighting":false,"audioPlay":false,"sceneViewState":{"showFog":true,"showMaterialUpdate":true,"showSkybox":false,"showFlares":true,"showImageEffects":true,"showParticleSystems":true},"in2DMode":false,"pivot":{"x":0.6053986549377441,"y":6.040862083435059,"z":1.0939984321594239},"rotation":{"x":0.15936756134033204,"y":-0.29841676354408266,"z":0.05061084032058716,"w":0.939676821231842},"size":8.090675354003907,"orthographic":false}