{"cameraMode":{"drawMode":0,"name":"Shaded","section":"Shading Mode"},"sceneLighting":true,"audioPlay":false,"sceneViewState":{"showFog":true,"showMaterialUpdate":true,"showSkybox":true,"showFlares":true,"showImageEffects":true,"showParticleSystems":true},"in2DMode":false,"pivot":{"x":193.60772705078126,"y":-62.67889404296875,"z":-110.08160400390625},"rotation":{"x":0.32548898458480837,"y":-0.2805047929286957,"z":0.10175015032291413,"w":0.8972442150115967},"size":459.17913818359377,"orthographic":false}