{"cameraMode":{"drawMode":0,"name":"Shaded","section":"Shading Mode"},"sceneLighting":true,"audioPlay":false,"sceneViewState":{"showFog":true,"showMaterialUpdate":true,"showSkybox":true,"showFlares":true,"showImageEffects":true,"showParticleSystems":true},"in2DMode":false,"pivot":{"x":-86.87826538085938,"y":18.41242218017578,"z":-355.3650207519531},"rotation":{"x":0.24691933393478394,"y":0.1346563845872879,"z":-0.03467044606804848,"w":0.9590088725090027},"size":127.65477752685547,"orthographic":false}