{"cameraMode":{"drawMode":0,"name":"Shaded","section":"Shading Mode"},"sceneLighting":false,"audioPlay":false,"sceneViewState":{"showFog":true,"showMaterialUpdate":false,"showSkybox":false,"showFlares":true,"showImageEffects":true,"showParticleSystems":true},"in2DMode":false,"pivot":{"x":0.6698889136314392,"y":1.5813425779342652,"z":0.3143446445465088},"rotation":{"x":0.1388113796710968,"y":0.588577389717102,"z":-0.10345754027366638,"w":0.7896947860717773},"size":16.985889434814454,"orthographic":true}