{"cameraMode":{"drawMode":0,"name":"Shaded","section":"Shading Mode"},"sceneLighting":false,"audioPlay":false,"sceneViewState":{"showFog":true,"showMaterialUpdate":false,"showSkybox":false,"showFlares":true,"showImageEffects":true,"showParticleSystems":true},"in2DMode":false,"pivot":{"x":0.0009517669677734375,"y":0.8272780179977417,"z":0.000213623046875},"rotation":{"x":0.22451452910900117,"y":-0.1415262371301651,"z":0.03291473537683487,"w":0.9636264443397522},"size":14.173030853271485,"orthographic":true}