{"cameraMode":{"drawMode":0,"name":"Shaded","section":"Shading Mode"},"sceneLighting":true,"audioPlay":false,"sceneViewState":{"showFog":true,"showMaterialUpdate":false,"showSkybox":true,"showFlares":true,"showImageEffects":true,"showParticleSystems":true},"in2DMode":false,"pivot":{"x":0.047576904296875,"y":20.681949615478517,"z":0.010650634765625},"rotation":{"x":0.3135577440261841,"y":-0.26168292760849,"z":0.0903347060084343,"w":0.9083196520805359},"size":581.5457763671875,"orthographic":true}