{"cameraMode":{"drawMode":0,"name":"Shaded","section":"Shading Mode"},"sceneLighting":false,"audioPlay":false,"sceneViewState":{"showFog":true,"showMaterialUpdate":false,"showSkybox":false,"showFlares":true,"showImageEffects":true,"showParticleSystems":true},"in2DMode":false,"pivot":{"x":-4.0283203125,"y":-0.23876953125,"z":-4.201171875},"rotation":{"x":0.006842104252427816,"y":0.9923361539840698,"z":-0.10548153519630432,"w":0.06438832730054856},"size":10.217026710510254,"orthographic":true}