{"cameraMode":{"drawMode":0,"name":"Shaded","section":"Shading Mode"},"sceneLighting":true,"audioPlay":false,"sceneViewState":{"showFog":true,"showMaterialUpdate":false,"showSkybox":true,"showFlares":true,"showImageEffects":true,"showParticleSystems":true},"in2DMode":false,"pivot":{"x":-124.7705078125,"y":35.6708984375,"z":252.3564453125},"rotation":{"x":0.25424978137016299,"y":-0.5259087681770325,"z":0.1684168428182602,"w":0.7940218448638916},"size":16.099834442138673,"orthographic":true}