{"cameraMode":{"drawMode":0,"name":"Shaded","section":"Shading Mode"},"sceneLighting":false,"audioPlay":false,"sceneViewState":{"showFog":true,"showMaterialUpdate":false,"showSkybox":false,"showFlares":true,"showImageEffects":true,"showParticleSystems":true},"in2DMode":false,"pivot":{"x":0.2899866998195648,"y":-0.10063707828521729,"z":-0.04154092073440552},"rotation":{"x":0.13274861872196198,"y":0.36637234687805178,"z":-0.05293327942490578,"w":0.919471263885498},"size":1.6695038080215455,"orthographic":true}