{"cameraMode":{"drawMode":0,"name":"Shaded","section":"Shading Mode"},"sceneLighting":false,"audioPlay":false,"sceneViewState":{"showFog":true,"showMaterialUpdate":false,"showSkybox":false,"showFlares":true,"showImageEffects":true,"showParticleSystems":true},"in2DMode":false,"pivot":{"x":-0.1998918056488037,"y":0.13089752197265626,"z":-0.1046067476272583},"rotation":{"x":0.11433669924736023,"y":0.3479596972465515,"z":-0.04283633828163147,"w":0.9295668005943298},"size":2.0882585048675539,"orthographic":true}