{"cameraMode":{"drawMode":0,"name":"Shaded","section":"Shading Mode"},"sceneLighting":false,"audioPlay":false,"sceneViewState":{"showFog":true,"showMaterialUpdate":false,"showSkybox":false,"showFlares":true,"showImageEffects":true,"showParticleSystems":true},"in2DMode":false,"pivot":{"x":0.41934695839881899,"y":-0.06407201290130615,"z":-0.002508401870727539},"rotation":{"x":0.11433669924736023,"y":0.3479596972465515,"z":-0.04283633828163147,"w":0.9295668005943298},"size":2.1555399894714357,"orthographic":true}