{"cameraMode":{"drawMode":0,"name":"Shaded","section":"Shading Mode"},"sceneLighting":false,"audioPlay":false,"sceneViewState":{"showFog":true,"showMaterialUpdate":false,"showSkybox":false,"showFlares":true,"showImageEffects":true,"showParticleSystems":true},"in2DMode":false,"pivot":{"x":-0.20954465866088868,"y":-0.7135965824127197,"z":0.9743366241455078},"rotation":{"x":0.1425069272518158,"y":0.43027833104133608,"z":-0.06899704784154892,"w":0.888704776763916},"size":3.3256494998931886,"orthographic":false}