{"cameraMode":{"drawMode":0,"name":"Shaded","section":"Shading Mode"},"sceneLighting":false,"audioPlay":false,"sceneViewState":{"showFog":true,"showMaterialUpdate":false,"showSkybox":false,"showFlares":true,"showImageEffects":true,"showParticleSystems":true},"in2DMode":false,"pivot":{"x":0.338623046875,"y":-0.06787109375,"z":0.353759765625},"rotation":{"x":0.11571993678808212,"y":-0.7150107026100159,"z":0.12192691117525101,"w":0.6786263585090637},"size":2.5180368423461916,"orthographic":true}