{"cameraMode":{"drawMode":0,"name":"Shaded","section":"Shading Mode"},"sceneLighting":false,"audioPlay":false,"sceneViewState":{"showFog":true,"showMaterialUpdate":false,"showSkybox":false,"showFlares":true,"showImageEffects":true,"showParticleSystems":true},"in2DMode":false,"pivot":{"x":-0.2999267578125,"y":-0.611328125,"z":-0.4404296875},"rotation":{"x":0.16957975924015046,"y":-0.00475124130025506,"z":0.0008004358969628811,"w":0.9855464100837708},"size":2.2347934246063234,"orthographic":true}